{
  "t1_5k": [
    {
      "name": "Profit Target",
      "evaluationPhase1": "14%",
      "fundedSTPAccount": "-"
    },
    {
      "name": "Challenge Duration",
      "evaluationPhase1": "Unlimited",
      "fundedSTPAccount": "-"
    },
    {
      "name": "Minimum Trading Days",
      "evaluationPhase1": "1",
      "fundedSTPAccount": "1"
    },
    {
      "name": "Max Daily Drawdown",
      "evaluationPhase1": "$200 (4%)",
      "fundedSTPAccount": "$250 (5%)"
    },
    {
      "name": "Max Overall Drawdown",
      "evaluationPhase1": "$350 (7%)",
      "fundedSTPAccount": "$500 (10%)"
    },
    {
      "name": "Challenge Leverage",
      "evaluationPhase1": "up to 1:50",
      "fundedSTPAccount": "up to 1:50"
    },
    {
      "name": "Consistency Rule",
      "evaluationPhase1": "45%",
      "fundedSTPAccount": "No"
    },
    {
      "name": "Hold Over Weekend & News Trading",
      "evaluationPhase1": "No",
      "fundedSTPAccount": "No"
    },
    {
      "name": "Price (Refundable Fee)",
      "evaluationPhase1": "$79",
      "fundedSTPAccount": "Refund"
    }
  ],
  "t1_10k": [
    {
      "name": "Profit Target",
      "evaluationPhase1": "14%",
      "fundedSTPAccount": "-"
    },
    {
      "name": "Challenge Duration",
      "evaluationPhase1": "Unlimited",
      "fundedSTPAccount": "-"
    },
    {
      "name": "Minimum Trading Days",
      "evaluationPhase1": "1",
      "fundedSTPAccount": "1"
    },
    {
      "name": "Max Daily Drawdown",
      "evaluationPhase1": "$400 (4%)",
      "fundedSTPAccount": "$500 (5%)"
    },
    {
      "name": "Max Overall Drawdown",
      "evaluationPhase1": "$700 (7%)",
      "fundedSTPAccount": "$1000 (10%)"
    },
    {
      "name": "Challenge Leverage",
      "evaluationPhase1": "up to 1:50",
      "fundedSTPAccount": "up to 1:50"
    },
    {
      "name": "Consistency Rule",
      "evaluationPhase1": "45%",
      "fundedSTPAccount": "No"
    },
    {
      "name": "Hold Over Weekend & News Trading",
      "evaluationPhase1": "No",
      "fundedSTPAccount": "No"
    },
    {
      "name": "Price (Refundable Fee)",
      "evaluationPhase1": "$139",
      "fundedSTPAccount": "Refund"
    }
  ],
  "t1_25k": [
    {
      "name": "Profit Target",
      "evaluationPhase1": "14%",
      "fundedSTPAccount": "-"
    },
    {
      "name": "Challenge Duration",
      "evaluationPhase1": "Unlimited",
      "fundedSTPAccount": "-"
    },
    {
      "name": "Minimum Trading Days",
      "evaluationPhase1": "1",
      "fundedSTPAccount": "1"
    },
    {
      "name": "Max Daily Drawdown",
      "evaluationPhase1": "$1,000 (4%)",
      "fundedSTPAccount": "$1,250 (5%)"
    },
    {
      "name": "Max Overall Drawdown",
      "evaluationPhase1": "$1,750 (7%)",
      "fundedSTPAccount": "$2,500 (10%)"
    },
    {
      "name": "Challenge Leverage",
      "evaluationPhase1": "up to 1:50",
      "fundedSTPAccount": "up to 1:50"
    },
    {
      "name": "Consistency Rule",
      "evaluationPhase1": "45%",
      "fundedSTPAccount": "No"
    },
    {
      "name": "Hold Over Weekend & News Trading",
      "evaluationPhase1": "No",
      "fundedSTPAccount": "No"
    },
    {
      "name": "Price (Refundable Fee)",
      "evaluationPhase1": "$249",
      "fundedSTPAccount": "Refund"
    }
  ],
  "t1_50k": [
    {
      "name": "Profit Target",
      "evaluationPhase1": "14%",
      "fundedSTPAccount": "-"
    },
    {
      "name": "Challenge Duration",
      "evaluationPhase1": "Unlimited",
      "fundedSTPAccount": "-"
    },
    {
      "name": "Minimum Trading Days",
      "evaluationPhase1": "1",
      "fundedSTPAccount": "1"
    },
    {
      "name": "Max Daily Drawdown",
      "evaluationPhase1": "$2,000 (4%)",
      "fundedSTPAccount": "$2,500 (5%)"
    },
    {
      "name": "Max Overall Drawdown",
      "evaluationPhase1": "$3,500 (7%)",
      "fundedSTPAccount": "$5,000 (10%)"
    },
    {
      "name": "Challenge Leverage",
      "evaluationPhase1": "up to 1:50",
      "fundedSTPAccount": "up to 1:50"
    },
    {
      "name": "Consistency Rule",
      "evaluationPhase1": "45%",
      "fundedSTPAccount": "No"
    },
    {
      "name": "Hold Over Weekend & News Trading",
      "evaluationPhase1": "No",
      "fundedSTPAccount": "No"
    },
    {
      "name": "Price (Refundable Fee)",
      "evaluationPhase1": "$349",
      "fundedSTPAccount": "Refund"
    }
  ],
  "t1_100k": [
    {
      "name": "Profit Target",
      "evaluationPhase1": "14%",
      "fundedSTPAccount": "-"
    },
    {
      "name": "Challenge Duration",
      "evaluationPhase1": "Unlimited",
      "fundedSTPAccount": "-"
    },
    {
      "name": "Minimum Trading Days",
      "evaluationPhase1": "1",
      "fundedSTPAccount": "1"
    },
    {
      "name": "Max Daily Drawdown",
      "evaluationPhase1": "$4,000 (4%)",
      "fundedSTPAccount": "$5,000 (5%)"
    },
    {
      "name": "Max Overall Drawdown",
      "evaluationPhase1": "$7,000 (7%)",
      "fundedSTPAccount": "$10,000 (10%)"
    },
    {
      "name": "Challenge Leverage",
      "evaluationPhase1": "up to 1:50",
      "fundedSTPAccount": "up to 1:50"
    },
    {
      "name": "Consistency Rule",
      "evaluationPhase1": "45%",
      "fundedSTPAccount": "No"
    },
    {
      "name": "Hold Over Weekend & News Trading",
      "evaluationPhase1": "No",
      "fundedSTPAccount": "No"
    },
    {
      "name": "Price (Refundable Fee)",
      "evaluationPhase1": "$549",
      "fundedSTPAccount": "Refund"
    }
  ],
  "t1_150k": [
    {
      "name": "Profit Target",
      "evaluationPhase1": "14%",
      "fundedSTPAccount": "-"
    },
    {
      "name": "Challenge Duration",
      "evaluationPhase1": "Unlimited",
      "fundedSTPAccount": "-"
    },
    {
      "name": "Minimum Trading Days",
      "evaluationPhase1": "1",
      "fundedSTPAccount": "1"
    },
    {
      "name": "Max Daily Drawdown",
      "evaluationPhase1": "$6,000 (4%)",
      "fundedSTPAccount": "$7,500 (5%)"
    },
    {
      "name": "Max Overall Drawdown",
      "evaluationPhase1": "$10,500 (7%)",
      "fundedSTPAccount": "$15,000 (10%)"
    },
    {
      "name": "Challenge Leverage",
      "evaluationPhase1": "up to 1:50",
      "fundedSTPAccount": "up to 1:50"
    },
    {
      "name": "Consistency Rule",
      "evaluationPhase1": "45%",
      "fundedSTPAccount": "No"
    },
    {
      "name": "Hold Over Weekend & News Trading",
      "evaluationPhase1": "No",
      "fundedSTPAccount": "No"
    },
    {
      "name": "Price (Refundable Fee)",
      "evaluationPhase1": "$819",
      "fundedSTPAccount": "Refund"
    }
  ],
  "t1_200k": [
    {
      "name": "Profit Target",
      "evaluationPhase1": "14%",
      "fundedSTPAccount": "-"
    },
    {
      "name": "Challenge Duration",
      "evaluationPhase1": "Unlimited",
      "fundedSTPAccount": "-"
    },
    {
      "name": "Minimum Trading Days",
      "evaluationPhase1": "1",
      "fundedSTPAccount": "1"
    },
    {
      "name": "Max Daily Drawdown",
      "evaluationPhase1": "$8,000 (4%)",
      "fundedSTPAccount": "$10,000 (5%)"
    },
    {
      "name": "Max Overall Drawdown",
      "evaluationPhase1": "$14,000 (7%)",
      "fundedSTPAccount": "$20,000 (10%)"
    },
    {
      "name": "Challenge Leverage",
      "evaluationPhase1": "up to 1:50",
      "fundedSTPAccount": "up to 1:50"
    },
    {
      "name": "Consistency Rule",
      "evaluationPhase1": "45%",
      "fundedSTPAccount": "No"
    },
    {
      "name": "Hold Over Weekend & News Trading",
      "evaluationPhase1": "No",
      "fundedSTPAccount": "No"
    },
    {
      "name": "Price (Refundable Fee)",
      "evaluationPhase1": "$1099",
      "fundedSTPAccount": "Refund"
    }
  ]
}
