{
  "t3_5k": [
    {
      "name": "Profit Target",
      "evaluationPhase1": "10%",
      "verificationPhase2": "8%",
      "fundedSTPAccount": "-"
    },
    {
      "name": "Challenge Duration",
      "evaluationPhase1": "Unlimited",
      "verificationPhase2": "Unlimited",
      "fundedSTPAccount": "-"
    },
    {
      "name": "Minimum Trading Days",
      "evaluationPhase1": "1",
      "verificationPhase2": "1",
      "fundedSTPAccount": "1"
    },
    {
      "name": "Max Daily Drawdown",
      "evaluationPhase1": "$250 (5%)",
      "verificationPhase2": "$250 (5%)",
      "fundedSTPAccount": "$250 (5%)"
    },
    {
      "name": "Max Overall Drawdown",
      "evaluationPhase1": "$500 (10%)",
      "verificationPhase2": "$500 (10%)",
      "fundedSTPAccount": "$500 (10%)"
    },
    {
      "name": "Challenge Leverage",
      "evaluationPhase1": "up to 1:30",
      "verificationPhase2": "up to 1:30",
      "fundedSTPAccount": "up to 1:30"
    },
    {
      "name": "Consistency Rule",
      "evaluationPhase1": "45%",
      "verificationPhase2": "45%",
      "fundedSTPAccount": "No"
    },
    {
      "name": "Hold Over Weekend & News",
      "evaluationPhase1": "Yes",
      "verificationPhase2": "Yes",
      "fundedSTPAccount": "Yes"
    },
    {
      "name": "Price (Refundable Fee)",
      "evaluationPhase1": "$89",
      "verificationPhase2": "Free",
      "fundedSTPAccount": "Refund"
    }
  ],
  "t3_10k": [
    {
      "name": "Profit Target",
      "evaluationPhase1": "10%",
      "verificationPhase2": "8%",
      "fundedSTPAccount": "-"
    },
    {
      "name": "Challenge Duration",
      "evaluationPhase1": "Unlimited",
      "verificationPhase2": "Unlimited",
      "fundedSTPAccount": "-"
    },
    {
      "name": "Minimum Trading Days",
      "evaluationPhase1": "1",
      "verificationPhase2": "1",
      "fundedSTPAccount": "1"
    },
    {
      "name": "Max Daily Drawdown",
      "evaluationPhase1": "$500 (5%)",
      "verificationPhase2": "$500 (5%)",
      "fundedSTPAccount": "$500 (5%)"
    },
    {
      "name": "Max Overall Drawdown",
      "evaluationPhase1": "$1000 (10%)",
      "verificationPhase2": "$1000 (10%)",
      "fundedSTPAccount": "$1000 (10%)"
    },
    {
      "name": "Challenge Leverage",
      "evaluationPhase1": "up to 1:30",
      "verificationPhase2": "up to 1:30",
      "fundedSTPAccount": "up to 1:30"
    },
    {
      "name": "Consistency Rule",
      "evaluationPhase1": "45%",
      "verificationPhase2": "45%",
      "fundedSTPAccount": "No"
    },
    {
      "name": "Hold Over Weekend & News",
      "evaluationPhase1": "Yes",
      "verificationPhase2": "Yes",
      "fundedSTPAccount": "Yes"
    },
    {
      "name": "Price (Refundable Fee)",
      "evaluationPhase1": "$149",
      "verificationPhase2": "Free",
      "fundedSTPAccount": "Refund"
    }
  ],
  "t3_25k": [
    {
      "name": "Profit Target",
      "evaluationPhase1": "10%",
      "verificationPhase2": "8%",
      "fundedSTPAccount": "-"
    },
    {
      "name": "Challenge Duration",
      "evaluationPhase1": "Unlimited",
      "verificationPhase2": "Unlimited",
      "fundedSTPAccount": "-"
    },
    {
      "name": "Minimum Trading Days",
      "evaluationPhase1": "1",
      "verificationPhase2": "1",
      "fundedSTPAccount": "1"
    },
    {
      "name": "Max Daily Drawdown",
      "evaluationPhase1": "$1,250 (5%)",
      "verificationPhase2": "$1,250 (5%)",
      "fundedSTPAccount": "$1,250 (5%)"
    },
    {
      "name": "Max Overall Drawdown",
      "evaluationPhase1": "$2,500 (10%)",
      "verificationPhase2": "$2,500 (10%)",
      "fundedSTPAccount": "$2,500 (10%)"
    },
    {
      "name": "Challenge Leverage",
      "evaluationPhase1": "up to 1:30",
      "verificationPhase2": "up to 1:30",
      "fundedSTPAccount": "up to 1:30"
    },
    {
      "name": "Consistency Rule",
      "evaluationPhase1": "45%",
      "verificationPhase2": "45%",
      "fundedSTPAccount": "No"
    },
    {
      "name": "Hold Over Weekend & News",
      "evaluationPhase1": "Yes",
      "verificationPhase2": "Yes",
      "fundedSTPAccount": "Yes"
    },
    {
      "name": "Price (Refundable Fee)",
      "evaluationPhase1": "$269",
      "verificationPhase2": "Free",
      "fundedSTPAccount": "Refund"
    }
  ],
  "t3_50k": [
    {
      "name": "Profit Target",
      "evaluationPhase1": "10%",
      "verificationPhase2": "8%",
      "fundedSTPAccount": "-"
    },
    {
      "name": "Challenge Duration",
      "evaluationPhase1": "Unlimited",
      "verificationPhase2": "Unlimited",
      "fundedSTPAccount": "-"
    },
    {
      "name": "Minimum Trading Days",
      "evaluationPhase1": "1",
      "verificationPhase2": "1",
      "fundedSTPAccount": "1"
    },
    {
      "name": "Max Daily Drawdown",
      "evaluationPhase1": "$2,500 (5%)",
      "verificationPhase2": "$2,500 (5%)",
      "fundedSTPAccount": "$2,500 (5%)"
    },
    {
      "name": "Max Overall Drawdown",
      "evaluationPhase1": "$5,000 (10%)",
      "verificationPhase2": "$5,000 (10%)",
      "fundedSTPAccount": "$5,000 (10%)"
    },
    {
      "name": "Challenge Leverage",
      "evaluationPhase1": "up to 1:30",
      "verificationPhase2": "up to 1:30",
      "fundedSTPAccount": "up to 1:30"
    },
    {
      "name": "Consistency Rule",
      "evaluationPhase1": "45%",
      "verificationPhase2": "45%",
      "fundedSTPAccount": "No"
    },
    {
      "name": "Hold Over Weekend & News",
      "evaluationPhase1": "Yes",
      "verificationPhase2": "Yes",
      "fundedSTPAccount": "Yes"
    },
    {
      "name": "Price (Refundable Fee)",
      "evaluationPhase1": "$379",
      "verificationPhase2": "Free",
      "fundedSTPAccount": "Refund"
    }
  ],
  "t3_100k": [
    {
      "name": "Profit Target",
      "evaluationPhase1": "10%",
      "verificationPhase2": "8%",
      "fundedSTPAccount": "-"
    },
    {
      "name": "Challenge Duration",
      "evaluationPhase1": "Unlimited",
      "verificationPhase2": "Unlimited",
      "fundedSTPAccount": "-"
    },
    {
      "name": "Minimum Trading Days",
      "evaluationPhase1": "1",
      "verificationPhase2": "1",
      "fundedSTPAccount": "1"
    },
    {
      "name": "Max Daily Drawdown",
      "evaluationPhase1": "$5,000 (5%)",
      "verificationPhase2": "$5,000 (5%)",
      "fundedSTPAccount": "$5,000 (5%)"
    },
    {
      "name": "Max Overall Drawdown",
      "evaluationPhase1": "$10,000 (10%)",
      "verificationPhase2": "$10,000 (10%)",
      "fundedSTPAccount": "$10,000 (10%)"
    },
    {
      "name": "Challenge Leverage",
      "evaluationPhase1": "up to 1:30",
      "verificationPhase2": "up to 1:30",
      "fundedSTPAccount": "up to 1:30"
    },
    {
      "name": "Consistency Rule",
      "evaluationPhase1": "45%",
      "verificationPhase2": "45%",
      "fundedSTPAccount": "No"
    },
    {
      "name": "Hold Over Weekend & News",
      "evaluationPhase1": "Yes",
      "verificationPhase2": "Yes",
      "fundedSTPAccount": "Yes"
    },
    {
      "name": "Price (Refundable Fee)",
      "evaluationPhase1": "$599",
      "verificationPhase2": "Free",
      "fundedSTPAccount": "Refund"
    }
  ],
  "t3_150k": [
    {
      "name": "Profit Target",
      "evaluationPhase1": "10%",
      "verificationPhase2": "8%",
      "fundedSTPAccount": "-"
    },
    {
      "name": "Challenge Duration",
      "evaluationPhase1": "Unlimited",
      "verificationPhase2": "Unlimited",
      "fundedSTPAccount": "-"
    },
    {
      "name": "Minimum Trading Days",
      "evaluationPhase1": "1",
      "verificationPhase2": "1",
      "fundedSTPAccount": "1"
    },
    {
      "name": "Max Daily Drawdown",
      "evaluationPhase1": "$7,500 (5%)",
      "verificationPhase2": "$7,500 (5%)",
      "fundedSTPAccount": "$7,500 (5%)"
    },
    {
      "name": "Max Overall Drawdown",
      "evaluationPhase1": "$15,000 (10%)",
      "verificationPhase2": "$15,000 (10%)",
      "fundedSTPAccount": "$15,000 (10%)"
    },
    {
      "name": "Challenge Leverage",
      "evaluationPhase1": "up to 1:30",
      "verificationPhase2": "up to 1:30",
      "fundedSTPAccount": "up to 1:30"
    },
    {
      "name": "Consistency Rule",
      "evaluationPhase1": "45%",
      "verificationPhase2": "45%",
      "fundedSTPAccount": "No"
    },
    {
      "name": "Hold Over Weekend & News",
      "evaluationPhase1": "Yes",
      "verificationPhase2": "Yes",
      "fundedSTPAccount": "Yes"
    },
    {
      "name": "Price (Refundable Fee)",
      "evaluationPhase1": "$899",
      "verificationPhase2": "Free",
      "fundedSTPAccount": "Refund"
    }
  ],
  "t3_200k": [
    {
      "name": "Profit Target",
      "evaluationPhase1": "10%",
      "verificationPhase2": "8%",
      "fundedSTPAccount": "-"
    },
    {
      "name": "Challenge Duration",
      "evaluationPhase1": "Unlimited",
      "verificationPhase2": "Unlimited",
      "fundedSTPAccount": "-"
    },
    {
      "name": "Minimum Trading Days",
      "evaluationPhase1": "1",
      "verificationPhase2": "1",
      "fundedSTPAccount": "1"
    },
    {
      "name": "Max Daily Drawdown",
      "evaluationPhase1": "$10,000 (5%)",
      "verificationPhase2": "$10,000 (5%)",
      "fundedSTPAccount": "$10,000 (5%)"
    },
    {
      "name": "Max Overall Drawdown",
      "evaluationPhase1": "$20,000 (10%)",
      "verificationPhase2": "$20,000 (10%)",
      "fundedSTPAccount": "$20,000 (10%)"
    },
    {
      "name": "Challenge Leverage",
      "evaluationPhase1": "up to 1:30",
      "verificationPhase2": "up to 1:30",
      "fundedSTPAccount": "up to 1:30"
    },
    {
      "name": "Consistency Rule",
      "evaluationPhase1": "45%",
      "verificationPhase2": "45%",
      "fundedSTPAccount": "No"
    },
    {
      "name": "Hold Over Weekend & News",
      "evaluationPhase1": "Yes",
      "verificationPhase2": "Yes",
      "fundedSTPAccount": "Yes"
    },
    {
      "name": "Price (Refundable Fee)",
      "evaluationPhase1": "$1199",
      "verificationPhase2": "Free",
      "fundedSTPAccount": "Refund"
    }
  ]
}
